,Run1,Run1,Run1,Run2,Run2,Run2,Run3,Run3,Run3
,gen,train,test,gen,train,test,gen,train,test
0,1,0.20752960204280402,0.2199038155605509,1,0.20752960204280402,0.2199038155605509,1,0.20752960204280402,0.2199038155605509
1,2,0.2070510259841866,0.21960588500279585,2,0.20733844275279073,0.2199038155605509,2,0.20752960204280402,0.2199038155605509
2,3,0.2070510259841866,0.21960588500279585,3,0.20732981007657605,0.2199038155605509,3,0.20752960204280402,0.2199038155605509
3,4,0.2070510259841866,0.21960588500279585,4,0.20732981007657605,0.2199038155605509,4,0.20721463849013894,0.2199038155605509
4,5,0.20705047495156373,0.21960650264785458,5,0.20700031062067475,0.21988251361123864,5,0.20711210013678696,0.22018174290936793
